,Unnamed: 0,Unnamed: 0.1,Unnamed: 0.1.1,인기글
0,0,0,0,/l/768355?cache=public&page=0
1,1,1,1,/l/745192?cache=public&page=0
2,2,2,2,/l/745191?cache=public&page=0
3,3,3,3,/l/745190?cache=public&page=0
4,4,4,4,/l/745189?cache=public&page=0
5,5,5,5,/l/745188?cache=public&page=0
6,6,6,6,/l/745187?cache=public&page=0
7,7,7,7,/l/718912?cache=public&page=0
8,8,8,8,/l/718911?cache=public&page=0
9,9,9,9,/l/718910?cache=public&page=0
10,10,10,10,/l/718909?cache=public&page=0
11,11,11,11,/l/718908?cache=public&page=0
12,12,12,12,/l/718907?cache=public&page=0
13,13,13,13,/l/718906?cache=public&page=0
14,14,14,14,/l/718905?cache=public&page=0
15,15,15,15,/l/718904?cache=public&page=0
16,16,16,16,/l/718903?cache=public&page=0
17,17,17,17,/l/718902?cache=public&page=0
18,18,18,18,/l/718901?cache=public&page=0
19,19,19,19,/l/718900?cache=public&page=0
20,20,20,20,/l/718899?cache=public&page=0
21,21,21,21,/l/718898?cache=public&page=0
22,22,22,22,/l/718897?cache=public&page=0
23,23,23,23,/l/718896?cache=public&page=0
24,24,24,24,/l/718895?cache=public&page=0
25,25,25,25,/l/768355?cache=public&page=1
26,26,26,26,/l/745192?cache=public&page=1
27,27,27,27,/l/745191?cache=public&page=1
28,28,28,28,/l/745190?cache=public&page=1
29,29,29,29,/l/745189?cache=public&page=1
30,30,30,30,/l/745188?cache=public&page=1
31,31,31,31,/l/745187?cache=public&page=1
32,32,32,32,/l/718912?cache=public&page=1
33,33,33,33,/l/718911?cache=public&page=1
34,34,34,34,/l/718910?cache=public&page=1
35,35,35,35,/l/718909?cache=public&page=1
36,36,36,36,/l/718908?cache=public&page=1
37,37,37,37,/l/718907?cache=public&page=1
38,38,38,38,/l/718906?cache=public&page=1
39,39,39,39,/l/718905?cache=public&page=1
40,40,40,40,/l/718904?cache=public&page=1
41,41,41,41,/l/718903?cache=public&page=1
42,42,42,42,/l/718902?cache=public&page=1
43,43,43,43,/l/718901?cache=public&page=1
44,44,44,44,/l/718900?cache=public&page=1
45,45,45,45,/l/718899?cache=public&page=1
46,46,46,46,/l/718898?cache=public&page=1
47,47,47,47,/l/718897?cache=public&page=1
48,48,48,48,/l/718896?cache=public&page=1
49,49,49,49,/l/718895?cache=public&page=1
50,50,50,50,/l/718894?cache=public&page=2
51,51,51,51,/l/718893?cache=public&page=2
52,52,52,52,/l/718892?cache=public&page=2
53,53,53,53,/l/718891?cache=public&page=2
54,54,54,54,/l/718890?cache=public&page=2
55,55,55,55,/l/718889?cache=public&page=2
56,56,56,56,/l/718888?cache=public&page=2
57,57,57,57,/l/681156?cache=public&page=2
58,58,58,58,/l/681155?cache=public&page=2
59,59,59,59,/l/681154?cache=public&page=2
60,60,60,60,/l/681153?cache=public&page=2
61,61,61,61,/l/681152?cache=public&page=2
62,62,62,62,/l/681151?cache=public&page=2
63,63,63,63,/l/681149?cache=public&page=2
64,64,64,64,/l/681148?cache=public&page=2
65,65,65,65,/l/681147?cache=public&page=2
66,66,66,66,/l/681146?cache=public&page=2
67,67,67,67,/l/681145?cache=public&page=2
68,68,68,68,/l/681144?cache=public&page=2
69,69,69,69,/l/681143?cache=public&page=2
70,70,70,70,/l/681142?cache=public&page=2
71,71,71,71,/l/681141?cache=public&page=2
72,72,72,72,/l/681140?cache=public&page=2
73,73,73,73,/l/681139?cache=public&page=2
74,74,74,74,/l/681138?cache=public&page=2
75,75,75,75,/l/681137?cache=public&page=3
76,76,76,76,/l/611978?cache=public&page=3
77,77,77,77,/l/611977?cache=public&page=3
78,78,78,78,/l/611976?cache=public&page=3
79,79,79,79,/l/611975?cache=public&page=3
80,80,80,80,/l/611974?cache=public&page=3
81,81,81,81,/l/611973?cache=public&page=3
82,82,82,82,/l/611972?cache=public&page=3
83,83,83,83,/l/611971?cache=public&page=3
84,84,84,84,/l/611970?cache=public&page=3
85,85,85,85,/l/611969?cache=public&page=3
86,86,86,86,/l/611968?cache=public&page=3
87,87,87,87,/l/611967?cache=public&page=3
88,88,88,88,/l/611965?cache=public&page=3
89,89,89,89,/l/611964?cache=public&page=3
90,90,90,90,/l/611963?cache=public&page=3
91,91,91,91,/l/611962?cache=public&page=3
92,92,92,92,/l/611961?cache=public&page=3
93,93,93,93,/l/570670?cache=public&page=3
94,94,94,94,/l/570669?cache=public&page=3
95,95,95,95,/l/570668?cache=public&page=3
96,96,96,96,/l/570667?cache=public&page=3
97,97,97,97,/l/570666?cache=public&page=3
98,98,98,98,/l/570665?cache=public&page=3
99,99,99,99,/l/570664?cache=public&page=3
100,100,100,100,/l/570663?cache=public&page=4
101,101,101,101,/l/570662?cache=public&page=4
102,102,102,102,/l/570661?cache=public&page=4
103,103,103,103,/l/570660?cache=public&page=4
104,104,104,104,/l/570659?cache=public&page=4
105,105,105,105,/l/570658?cache=public&page=4
106,106,106,106,/l/570657?cache=public&page=4
107,107,107,107,/l/570656?cache=public&page=4
108,108,108,108,/l/570655?cache=public&page=4
109,109,109,109,/l/570654?cache=public&page=4
110,110,110,110,/l/570653?cache=public&page=4
111,111,111,111,/l/570652?cache=public&page=4
112,112,112,112,/l/570651?cache=public&page=4
113,113,113,113,/l/570650?cache=public&page=4
114,114,114,114,/l/570649?cache=public&page=4
115,115,115,115,/l/570648?cache=public&page=4
116,116,116,116,/l/570647?cache=public&page=4
117,117,117,117,/l/570646?cache=public&page=4
118,118,118,118,/l/570645?cache=public&page=4
119,119,119,119,/l/570644?cache=public&page=4
120,120,120,120,/l/570643?cache=public&page=4
121,121,121,121,/l/570642?cache=public&page=4
122,122,122,122,/l/527795?cache=public&page=4
123,123,123,123,/l/527794?cache=public&page=4
124,124,124,124,/l/527791?cache=public&page=4
125,125,125,125,/l/527790?cache=public&page=5
126,126,126,126,/l/527789?cache=public&page=5
127,127,127,127,/l/527787?cache=public&page=5
128,128,128,128,/l/527786?cache=public&page=5
129,129,129,129,/l/527785?cache=public&page=5
130,130,130,130,/l/527783?cache=public&page=5
131,131,131,131,/l/527782?cache=public&page=5
132,132,132,132,/l/527781?cache=public&page=5
133,133,133,133,/l/527780?cache=public&page=5
134,134,134,134,/l/527778?cache=public&page=5
135,135,135,135,/l/527777?cache=public&page=5
136,136,136,136,/l/489060?cache=public&page=5
137,137,137,137,/l/489059?cache=public&page=5
138,138,138,138,/l/489058?cache=public&page=5
139,139,139,139,/l/489057?cache=public&page=5
140,140,140,140,/l/489056?cache=public&page=5
141,141,141,141,/l/489054?cache=public&page=5
142,142,142,142,/l/489053?cache=public&page=5
143,143,143,143,/l/489052?cache=public&page=5
144,144,144,144,/l/489051?cache=public&page=5
145,145,145,145,/l/489050?cache=public&page=5
146,146,146,146,/l/489049?cache=public&page=5
147,147,147,147,/l/489048?cache=public&page=5
148,148,148,148,/l/489047?cache=public&page=5
149,149,149,149,/l/489046?cache=public&page=5
150,150,150,150,/l/489045?cache=public&page=6
151,151,151,151,/l/489044?cache=public&page=6
152,152,152,152,/l/489043?cache=public&page=6
153,153,153,153,/l/489042?cache=public&page=6
154,154,154,154,/l/489041?cache=public&page=6
155,155,155,155,/l/489040?cache=public&page=6
156,156,156,156,/l/489039?cache=public&page=6
157,157,157,157,/l/489038?cache=public&page=6
158,158,158,158,/l/489037?cache=public&page=6
159,159,159,159,/l/453612?cache=public&page=6
160,160,160,160,/l/453611?cache=public&page=6
161,161,161,161,/l/453610?cache=public&page=6
162,162,162,162,/l/453609?cache=public&page=6
163,163,163,163,/l/453608?cache=public&page=6
164,164,164,164,/l/453607?cache=public&page=6
165,165,165,165,/l/453606?cache=public&page=6
166,166,166,166,/l/453605?cache=public&page=6
167,167,167,167,/l/453604?cache=public&page=6
168,168,168,168,/l/453603?cache=public&page=6
169,169,169,169,/l/453602?cache=public&page=6
170,170,170,170,/l/417487?cache=public&page=6
171,171,171,171,/l/417486?cache=public&page=6
172,172,172,172,/l/417485?cache=public&page=6
173,173,173,173,/l/417484?cache=public&page=6
174,174,174,174,/l/417483?cache=public&page=6
175,175,175,175,/l/417482?cache=public&page=7
176,176,176,176,/l/417481?cache=public&page=7
177,177,177,177,/l/417480?cache=public&page=7
178,178,178,178,/l/417479?cache=public&page=7
179,179,179,179,/l/417478?cache=public&page=7
180,180,180,180,/l/417477?cache=public&page=7
181,181,181,181,/l/417476?cache=public&page=7
182,182,182,182,/l/382216?cache=public&page=7
183,183,183,183,/l/382215?cache=public&page=7
184,184,184,184,/l/382213?cache=public&page=7
185,185,185,185,/l/382212?cache=public&page=7
186,186,186,186,/l/382211?cache=public&page=7
187,187,187,187,/l/382210?cache=public&page=7
188,188,188,188,/l/382209?cache=public&page=7
189,189,189,189,/l/358456?cache=public&page=7
190,190,190,190,/l/358455?cache=public&page=7
191,191,191,191,/l/358454?cache=public&page=7
192,192,192,192,/l/358453?cache=public&page=7
193,193,193,193,/l/358452?cache=public&page=7
194,194,194,194,/l/358451?cache=public&page=7
195,195,195,195,/l/358450?cache=public&page=7
196,196,196,196,/l/358449?cache=public&page=7
197,197,197,197,/l/358448?cache=public&page=7
198,198,198,198,/l/358447?cache=public&page=7
199,199,199,199,/l/358446?cache=public&page=7
200,200,200,200,/l/358445?cache=public&page=8
201,201,201,201,/l/358444?cache=public&page=8
202,202,202,202,/l/358443?cache=public&page=8
203,203,203,203,/l/358442?cache=public&page=8
204,204,204,204,/l/358441?cache=public&page=8
205,205,205,205,/l/358440?cache=public&page=8
206,206,206,206,/l/358439?cache=public&page=8
207,207,207,207,/l/358438?cache=public&page=8
208,208,208,208,/l/358437?cache=public&page=8
209,209,209,209,/l/358436?cache=public&page=8
210,210,210,210,/l/358435?cache=public&page=8
211,211,211,211,/l/339753?cache=public&page=8
212,212,212,212,/l/339751?cache=public&page=8
213,213,213,213,/l/339750?cache=public&page=8
214,214,214,214,/l/339749?cache=public&page=8
215,215,215,215,/l/339748?cache=public&page=8
216,216,216,216,/l/339747?cache=public&page=8
217,217,217,217,/l/339746?cache=public&page=8
218,218,218,218,/l/339745?cache=public&page=8
219,219,219,219,/l/339744?cache=public&page=8
220,220,220,220,/l/322737?cache=public&page=8
221,221,221,221,/l/322736?cache=public&page=8
222,222,222,222,/l/322735?cache=public&page=8
223,223,223,223,/l/322734?cache=public&page=8
224,224,224,224,/l/322733?cache=public&page=8
225,225,225,225,/l/322732?cache=public&page=9
226,226,226,226,/l/322730?cache=public&page=9
227,227,227,227,/l/322728?cache=public&page=9
228,228,228,228,/l/322727?cache=public&page=9
229,229,229,229,/l/322725?cache=public&page=9
230,230,230,230,/l/322724?cache=public&page=9
231,231,231,231,/l/322723?cache=public&page=9
232,232,232,232,/l/322722?cache=public&page=9
233,233,233,233,/l/322721?cache=public&page=9
234,234,234,234,/l/322720?cache=public&page=9
235,235,235,235,/l/322719?cache=public&page=9
236,236,236,236,/l/322718?cache=public&page=9
237,237,237,237,/l/322716?cache=public&page=9
238,238,238,238,/l/322715?cache=public&page=9
239,239,239,239,/l/322714?cache=public&page=9
240,240,240,240,/l/322713?cache=public&page=9
241,241,241,241,/l/322712?cache=public&page=9
242,242,242,242,/l/322711?cache=public&page=9
243,243,243,243,/l/300290?cache=public&page=9
244,244,244,244,/l/300287?cache=public&page=9
245,245,245,245,/l/300284?cache=public&page=9
246,246,246,246,/l/300283?cache=public&page=9
247,247,247,247,/l/300282?cache=public&page=9
248,248,248,248,/l/300281?cache=public&page=9
249,249,249,249,/l/300280?cache=public&page=9
250,250,250,250,/l/300278?cache=public&page=10
251,251,251,251,/l/300277?cache=public&page=10
252,252,252,252,/l/300274?cache=public&page=10
253,253,253,253,/l/300273?cache=public&page=10
254,254,254,254,/l/300271?cache=public&page=10
255,255,255,255,/l/300269?cache=public&page=10
256,256,256,256,/l/300268?cache=public&page=10
257,257,257,257,/l/300267?cache=public&page=10
258,258,258,258,/l/300266?cache=public&page=10
259,259,259,259,/l/300265?cache=public&page=10
260,260,260,260,/l/300264?cache=public&page=10
261,261,261,261,/l/300262?cache=public&page=10
262,262,262,262,/l/300261?cache=public&page=10
263,263,263,263,/l/300259?cache=public&page=10
264,264,264,264,/l/300257?cache=public&page=10
265,265,265,265,/l/300255?cache=public&page=10
266,266,266,266,/l/300254?cache=public&page=10
267,267,267,267,/l/300252?cache=public&page=10
268,268,268,268,/l/300251?cache=public&page=10
269,269,269,269,/l/268810?cache=public&page=10
270,270,270,270,/l/268808?cache=public&page=10
271,271,271,271,/l/268804?cache=public&page=10
272,272,272,272,/l/268801?cache=public&page=10
273,273,273,273,/l/268800?cache=public&page=10
274,274,274,274,/l/268799?cache=public&page=10
275,275,275,275,/l/268798?cache=public&page=11
276,276,276,276,/l/268797?cache=public&page=11
277,277,277,277,/l/268795?cache=public&page=11
278,278,278,278,/l/268794?cache=public&page=11
279,279,279,279,/l/268793?cache=public&page=11
280,280,280,280,/l/268792?cache=public&page=11
281,281,281,281,/l/268790?cache=public&page=11
282,282,282,282,/l/268789?cache=public&page=11
283,283,283,283,/l/268787?cache=public&page=11
284,284,284,284,/l/268784?cache=public&page=11
285,285,285,285,/l/268783?cache=public&page=11
286,286,286,286,/l/268782?cache=public&page=11
287,287,287,287,/l/268781?cache=public&page=11
288,288,288,288,/l/268780?cache=public&page=11
289,289,289,289,/l/268779?cache=public&page=11
290,290,290,290,/l/268776?cache=public&page=11
291,291,291,291,/l/268775?cache=public&page=11
292,292,292,292,/l/268774?cache=public&page=11
293,293,293,293,/l/268773?cache=public&page=11
294,294,294,294,/l/268772?cache=public&page=11
295,295,295,295,/l/268771?cache=public&page=11
296,296,296,296,/l/268770?cache=public&page=11
297,297,297,297,/l/268769?cache=public&page=11
298,298,298,298,/l/268768?cache=public&page=11
299,299,299,299,/l/235915?cache=public&page=11
300,300,300,300,/l/235914?cache=public&page=12
301,301,301,301,/l/235910?cache=public&page=12
302,302,302,302,/l/235909?cache=public&page=12
303,303,303,303,/l/235908?cache=public&page=12
304,304,304,304,/l/235907?cache=public&page=12
305,305,305,305,/l/235906?cache=public&page=12
306,306,306,306,/l/235905?cache=public&page=12
307,307,307,307,/l/235904?cache=public&page=12
308,308,308,308,/l/235903?cache=public&page=12
309,309,309,309,/l/235902?cache=public&page=12
310,310,310,310,/l/235901?cache=public&page=12
311,311,311,311,/l/235900?cache=public&page=12
312,312,312,312,/l/235899?cache=public&page=12
313,313,313,313,/l/235898?cache=public&page=12
314,314,314,314,/l/235896?cache=public&page=12
315,315,315,315,/l/235895?cache=public&page=12
316,316,316,316,/l/235894?cache=public&page=12
317,317,317,317,/l/235893?cache=public&page=12
318,318,318,318,/l/235890?cache=public&page=12
319,319,319,319,/l/235889?cache=public&page=12
320,320,320,320,/l/235888?cache=public&page=12
321,321,321,321,/l/235887?cache=public&page=12
322,322,322,322,/l/235885?cache=public&page=12
323,323,323,323,/l/235884?cache=public&page=12
324,324,324,324,/l/235882?cache=public&page=12
325,325,325,325,/l/235880?cache=public&page=13
326,326,326,326,/l/235879?cache=public&page=13
327,327,327,327,/l/235878?cache=public&page=13
328,328,328,328,/l/235877?cache=public&page=13
329,329,329,329,/l/235876?cache=public&page=13
330,330,330,330,/l/235875?cache=public&page=13
331,331,331,331,/l/235874?cache=public&page=13
332,332,332,332,/l/235873?cache=public&page=13
333,333,333,333,/l/235872?cache=public&page=13
334,334,334,334,/l/235870?cache=public&page=13
335,335,335,335,/l/235869?cache=public&page=13
336,336,336,336,/l/235868?cache=public&page=13
337,337,337,337,/l/235866?cache=public&page=13
338,338,338,338,/l/235864?cache=public&page=13
339,339,339,339,/l/235863?cache=public&page=13
340,340,340,340,/l/235862?cache=public&page=13
341,341,341,341,/l/235861?cache=public&page=13
342,342,342,342,/l/235859?cache=public&page=13
343,343,343,343,/l/235858?cache=public&page=13
344,344,344,344,/l/235857?cache=public&page=13
345,345,345,345,/l/235856?cache=public&page=13
346,346,346,346,/l/235855?cache=public&page=13
347,347,347,347,/l/235854?cache=public&page=13
348,348,348,348,/l/235853?cache=public&page=13
349,349,349,349,/l/235852?cache=public&page=13
350,350,350,350,/l/235851?cache=public&page=14
351,351,351,351,/l/235848?cache=public&page=14
352,352,352,352,/l/235847?cache=public&page=14
353,353,353,353,/l/235846?cache=public&page=14
354,354,354,354,/l/235845?cache=public&page=14
355,355,355,355,/l/235844?cache=public&page=14
356,356,356,356,/l/235842?cache=public&page=14
357,357,357,357,/l/235839?cache=public&page=14
358,358,358,358,/l/235838?cache=public&page=14
359,359,359,359,/l/235837?cache=public&page=14
360,360,360,360,/l/235836?cache=public&page=14
361,361,361,361,/l/235835?cache=public&page=14
362,362,362,362,/l/235834?cache=public&page=14
363,363,363,363,/l/235833?cache=public&page=14
364,364,364,364,/l/235832?cache=public&page=14
365,365,365,365,/l/235831?cache=public&page=14
366,366,366,366,/l/235830?cache=public&page=14
367,367,367,367,/l/235829?cache=public&page=14
368,368,368,368,/l/235828?cache=public&page=14
369,369,369,369,/l/235827?cache=public&page=14
370,370,370,370,/l/235826?cache=public&page=14
371,371,371,371,/l/235825?cache=public&page=14
372,372,372,372,/l/235824?cache=public&page=14
373,373,373,373,/l/235823?cache=public&page=14
374,374,374,374,/l/235821?cache=public&page=14
375,375,375,375,/l/235820?cache=public&page=15
376,376,376,376,/l/235819?cache=public&page=15
377,377,377,377,/l/148787?cache=public&page=15
378,378,378,378,/l/148785?cache=public&page=15
379,379,379,379,/l/148784?cache=public&page=15
380,380,380,380,/l/148783?cache=public&page=15
381,381,381,381,/l/148782?cache=public&page=15
382,382,382,382,/l/148781?cache=public&page=15
383,383,383,383,/l/148779?cache=public&page=15
384,384,384,384,/l/148777?cache=public&page=15
385,385,385,385,/l/148776?cache=public&page=15
386,386,386,386,/l/148775?cache=public&page=15
387,387,387,387,/l/148772?cache=public&page=15
388,388,388,388,/l/148771?cache=public&page=15
389,389,389,389,/l/148769?cache=public&page=15
390,390,390,390,/l/98467?cache=public&page=15
391,391,391,391,/l/98466?cache=public&page=15
392,392,392,392,/l/98465?cache=public&page=15
393,393,393,393,/l/98464?cache=public&page=15
394,394,394,394,/l/98463?cache=public&page=15
395,395,395,395,/l/98462?cache=public&page=15
396,396,396,396,/l/98461?cache=public&page=15
397,397,397,397,/l/98460?cache=public&page=15
398,398,398,398,/l/98458?cache=public&page=15
399,399,399,399,/l/98457?cache=public&page=15
400,400,400,400,/l/98456?cache=public&page=16
401,401,401,401,/l/98455?cache=public&page=16
402,402,402,402,/l/98454?cache=public&page=16
403,403,403,403,/l/98453?cache=public&page=16
404,404,404,404,/l/98452?cache=public&page=16
405,405,405,405,/l/98451?cache=public&page=16
406,406,406,406,/l/98450?cache=public&page=16
407,407,407,407,/l/98449?cache=public&page=16
408,408,408,408,/l/98448?cache=public&page=16
409,409,409,409,/l/98447?cache=public&page=16
410,410,410,410,/l/98446?cache=public&page=16
411,411,411,411,/l/98444?cache=public&page=16
412,412,412,412,/l/98443?cache=public&page=16
413,413,413,413,/l/98442?cache=public&page=16
414,414,414,414,/l/98441?cache=public&page=16
415,415,415,415,/l/98440?cache=public&page=16
416,416,416,416,/l/98439?cache=public&page=16
417,417,417,417,/l/98438?cache=public&page=16
418,418,418,418,/l/98437?cache=public&page=16
419,419,419,419,/l/98402?cache=public&page=16
420,420,420,420,/l/98401?cache=public&page=16
421,421,421,421,/l/98400?cache=public&page=16
422,422,422,422,/l/98399?cache=public&page=16
423,423,423,423,/l/98397?cache=public&page=16
424,424,424,424,/l/98396?cache=public&page=16
425,425,425,425,/l/98395?cache=public&page=17
426,426,426,426,/l/98393?cache=public&page=17
427,427,427,427,/l/98392?cache=public&page=17
428,428,428,428,/l/98391?cache=public&page=17
429,429,429,429,/l/98390?cache=public&page=17
430,430,430,430,/l/98389?cache=public&page=17
431,431,431,431,/l/98388?cache=public&page=17
432,432,432,432,/l/98387?cache=public&page=17
433,433,433,433,/l/98386?cache=public&page=17
434,434,434,434,/l/98385?cache=public&page=17
435,435,435,435,/l/98383?cache=public&page=17
436,436,436,436,/l/98382?cache=public&page=17
437,437,437,437,/l/98381?cache=public&page=17
438,438,438,438,/l/98379?cache=public&page=17
439,439,439,439,/l/98378?cache=public&page=17
440,440,440,440,/l/98377?cache=public&page=17
441,441,441,441,/l/27110?cache=public&page=17
442,442,442,442,/l/27109?cache=public&page=17
443,443,443,443,/l/27108?cache=public&page=17
444,444,444,444,/l/27107?cache=public&page=17
445,445,445,445,/l/27106?cache=public&page=17
446,446,446,446,/l/27105?cache=public&page=17
447,447,447,447,/l/27104?cache=public&page=17
448,448,448,448,/l/27103?cache=public&page=17
449,449,449,449,/l/27101?cache=public&page=17
450,450,450,450,/l/27100?cache=public&page=18
451,451,451,451,/l/27098?cache=public&page=18
452,452,452,452,/l/27097?cache=public&page=18
453,453,453,453,/l/27096?cache=public&page=18
454,454,454,454,/l/27095?cache=public&page=18
455,455,455,455,/l/27094?cache=public&page=18
456,456,456,456,/l/27093?cache=public&page=18
457,457,457,457,/l/27092?cache=public&page=18
458,458,458,458,/l/27090?cache=public&page=18
459,459,459,459,/l/27089?cache=public&page=18
